method,seed,ADAPT,ADAPT_masked,RET,RET_R0,RET_R1,RET_R2,RET_R3,RET_R4,POST_0,POST_1,POST_2,POST_3,POST_4,FGT_R0,FGT_R1,FGT_R2,FGT_R3,FGT_R4
arch_routed,0,73.288035,71.090949,44.030967,52.527426,31.913043,48.536585,41.344444,45.833333,43.252277,53.480800,51.603217,51.025880,67.164019,23.333333,18.000000,19.333333,11.333333,15.000000
arch_routed,1,72.386941,70.146408,47.021468,52.780591,39.082126,50.252033,46.233333,46.759259,43.041837,47.854047,46.010656,49.693834,62.552788,23.000000,4.000000,18.000000,8.666667,24.166667
arch_routed,2,72.365374,70.169162,46.187831,52.894515,34.106280,49.959350,43.855556,50.123457,43.992736,50.103628,49.802554,53.255292,63.562180,19.666667,10.333333,19.666667,16.333333,22.500000
arch_routed,3,72.419553,70.117167,44.359450,52.101266,33.951691,46.512195,43.800000,45.432099,44.083333,54.079513,44.887839,48.679419,66.944581,24.666667,15.000000,17.666667,12.000000,23.333333
arch_routed,4,72.055180,69.812440,43.516755,51.544304,36.086957,48.146341,42.577778,39.228395,47.555267,46.249745,45.545417,47.195651,64.149926,24.666667,15.000000,14.000000,14.333333,23.333333
arch_routed,5,72.116959,69.790894,44.361036,51.746835,33.763285,47.333333,46.122222,42.839506,44.853400,48.184013,52.809587,48.380053,65.209090,26.333333,12.333333,16.666667,12.000000,16.666667
arch_routed,6,71.897922,69.748613,46.904334,51.215190,35.169082,50.504065,48.744444,48.888889,44.461235,56.658732,49.983836,49.498773,46.699319,17.000000,12.000000,13.000000,5.666667,21.666667
arch_routed,7,72.302037,70.111681,47.768408,54.118143,37.106280,51.406504,43.155556,53.055556,44.201536,46.993505,49.256355,52.245876,63.203344,15.666667,10.333333,18.000000,8.000000,22.500000
arch_routed,8,73.125176,70.912568,45.330859,48.295359,32.270531,50.439024,40.711111,54.938272,45.199914,51.907734,50.830900,51.648644,63.777223,26.000000,15.000000,22.333333,17.000000,25.000000
arch_routed,9,72.468166,70.216059,45.385580,50.924051,34.487923,48.943089,45.011111,47.561728,45.801029,50.038208,49.169377,52.156220,66.741531,22.000000,13.666667,14.666667,15.666667,14.166667
arch_routed_adwin,0,72.441459,70.707504,43.775456,50.286920,35.043478,48.902439,39.366667,45.277778,44.259280,52.071830,48.556206,49.546102,62.235077,14.333333,28.000000,8.666667,13.333333,5.833333
arch_routed_adwin,1,72.192349,70.536211,47.560281,52.805907,38.106280,54.739837,45.266667,46.882716,44.697274,50.846429,51.370888,51.483618,66.370914,18.333333,21.666667,15.000000,8.333333,18.333333
arch_routed_adwin,2,72.732999,71.421354,44.933030,49.827004,34.463768,48.975610,46.244444,45.154321,44.132920,50.249556,57.629566,53.125064,62.900152,22.000000,7.666667,17.000000,21.333333,30.833333
arch_routed_adwin,3,72.237031,70.593324,43.387316,48.105485,38.685990,44.146341,39.177778,46.820988,44.253608,50.533744,47.258647,49.587607,61.654332,21.333333,13.000000,13.333333,23.333333,10.833333
arch_routed_adwin,4,72.553082,70.830637,46.178227,53.392405,32.053140,52.040650,43.744444,49.660494,45.335554,48.640059,47.650150,53.229847,47.842190,15.333333,30.333333,6.000000,14.666667,15.000000
arch_routed_adwin,5,72.198101,70.507605,45.165161,54.873418,32.797101,47.788618,42.311111,48.055556,45.972084,49.967229,50.580369,53.220159,67.850059,18.000000,17.000000,19.000000,15.333333,14.166667
arch_routed_adwin,6,71.805912,70.178788,44.977577,47.658228,32.120773,53.447154,42.711111,48.950617,42.208228,50.804622,46.515122,50.867443,46.511116,11.000000,18.000000,7.666667,17.000000,9.166667
arch_routed_adwin,7,72.421210,70.787288,46.065881,51.801688,35.449275,53.146341,41.166667,48.765432,44.552357,51.626847,49.523360,55.314803,65.663227,14.333333,22.000000,8.333333,11.666667,24.166667
arch_routed_adwin,8,72.570070,71.064175,45.399017,47.881857,33.458937,49.235772,40.955556,55.462963,44.770096,49.231969,52.497372,53.879919,63.167268,14.666667,23.666667,12.666667,12.000000,9.166667
arch_routed_adwin,9,71.636807,70.054065,45.854204,50.012658,36.545894,50.056911,44.600000,48.055556,46.679646,51.011104,50.602176,48.198158,63.010015,9.333333,28.000000,3.000000,14.000000,10.000000
arch_union,0,73.232438,71.145206,51.017037,60.405063,29.676329,62.292683,46.877778,55.833333,40.050431,54.815242,53.640549,54.279994,68.274072,9.333333,24.000000,10.333333,8.333333,15.000000
arch_union,1,72.780459,70.532773,53.392064,58.156118,32.772947,64.601626,49.577778,61.851852,42.171807,54.067737,49.840939,55.089347,65.900123,12.000000,14.333333,12.333333,5.000000,14.166667
arch_union,2,71.980268,69.928801,53.284059,59.160338,31.357488,62.333333,53.322222,60.246914,44.239457,50.537930,52.031406,57.929188,68.016156,10.000000,19.000000,12.000000,10.000000,5.833333
arch_union,3,72.232303,70.075352,52.180599,60.805907,30.758454,59.504065,49.433333,60.401235,43.475751,52.607008,48.770974,51.996650,65.575089,6.333333,19.666667,9.000000,10.333333,10.833333
arch_union,4,72.800551,70.615545,51.416425,58.409283,30.811594,61.105691,46.477778,60.277778,45.702375,48.856096,47.368728,55.022480,69.695757,10.666667,26.000000,10.666667,10.666667,10.833333
arch_union,5,71.875113,69.554966,52.250900,60.451477,30.492754,61.601626,50.344444,58.364198,40.638861,51.548440,52.637868,56.786563,68.808623,9.333333,20.666667,12.666667,4.333333,12.500000
arch_union,6,71.817130,69.694317,54.072544,59.894515,34.879227,62.959350,49.111111,63.518519,39.926245,52.941210,51.828685,52.659642,69.210898,6.333333,14.000000,11.666667,5.333333,13.333333
arch_union,7,72.589176,70.660197,52.659739,59.451477,33.024155,63.398374,45.511111,61.913580,45.394713,48.870890,49.663333,60.739041,69.041888,9.000000,23.666667,11.000000,9.000000,19.166667
arch_union,8,73.290890,71.157409,51.916679,54.573840,29.859903,63.211382,44.777778,67.160494,43.856938,53.299639,50.105472,55.753310,66.118928,11.000000,20.666667,9.666667,11.333333,15.000000
arch_union,9,72.636831,70.607643,52.274027,58.282700,32.719807,62.455285,50.011111,57.901235,40.920919,52.497723,52.004153,54.110701,68.383642,7.666667,19.333333,10.666667,14.666667,10.833333
cbfifo400,0,68.445069,68.566341,46.022744,57.510549,20.859903,56.528455,39.566667,55.648148,49.533834,44.005616,45.556779,55.704725,67.479386,7.000000,42.333333,8.000000,27.000000,10.000000
cbfifo400,1,67.918666,68.220827,47.043563,55.130802,21.173913,57.439024,41.288889,60.185185,47.670774,44.884146,47.073191,56.912608,65.641157,6.666667,49.000000,8.333333,28.333333,9.166667
cbfifo400,2,68.120958,68.384488,47.834700,55.299578,21.444444,56.512195,44.188889,61.728395,49.735649,44.399138,46.787710,56.206906,67.812016,7.000000,43.333333,6.666667,31.666667,9.166667
cbfifo400,3,67.896637,68.090205,45.625583,53.531646,19.657005,55.552846,39.911111,59.475309,49.310035,44.451134,47.085901,54.857363,50.295746,10.000000,48.333333,4.666667,33.666667,5.833333
cbfifo400,4,67.951620,68.229508,44.583124,53.738397,20.183575,54.747967,41.344444,52.901235,46.206295,42.782937,47.676809,56.082614,69.138653,10.666667,45.666667,9.333333,28.000000,15.000000
cbfifo400,5,67.895688,68.160092,45.534832,55.257384,20.545894,53.991870,41.644444,56.234568,46.492780,43.592512,46.420041,55.448856,66.576110,7.666667,40.000000,11.666667,28.666667,14.166667
cbfifo400,6,67.930234,68.189772,46.903789,53.379747,20.574879,56.723577,40.877778,62.962963,48.556698,44.285404,46.976533,55.193993,67.276571,10.333333,39.333333,8.666667,33.666667,4.166667
cbfifo400,7,67.889724,68.127798,45.901594,55.303797,21.584541,54.609756,39.244444,58.765432,45.806765,44.218529,47.847559,57.734958,51.261617,9.000000,44.333333,5.666667,27.333333,11.666667
cbfifo400,8,67.792183,68.178377,48.317025,54.400844,21.599034,55.861789,41.266667,68.456790,48.004033,43.827397,47.045289,55.771855,49.609079,5.666667,38.666667,4.666667,31.333333,5.000000
cbfifo400,9,67.865165,67.987803,46.901602,55.261603,21.391304,54.203252,43.466667,60.185185,47.940703,43.253223,45.615042,53.568275,66.775509,8.333333,41.666667,4.000000,33.666667,12.500000
dual1000,0,76.663422,75.126211,45.777290,55.130802,23.111111,53.959350,42.333333,54.351852,40.966773,42.079098,45.192498,47.336506,63.506430,13.333333,39.333333,12.000000,20.666667,14.166667
dual1000,1,76.608816,75.023658,46.591737,53.345992,23.550725,54.780488,43.133333,58.148148,43.285539,41.666402,46.259320,45.080666,64.308804,15.000000,44.333333,12.000000,22.333333,15.000000
dual1000,2,76.596303,75.103456,46.577894,53.345992,22.932367,53.000000,46.111111,57.500000,43.698371,42.232063,46.001527,46.690720,64.300358,13.000000,40.333333,11.333333,28.000000,12.500000
dual1000,3,76.614514,74.993184,45.239070,52.548523,23.178744,51.585366,42.277778,56.604938,48.504418,41.913855,47.382444,45.790994,63.331915,11.666667,45.000000,10.333333,29.333333,15.000000
dual1000,4,76.624285,75.012335,44.363097,51.776371,22.966184,51.292683,43.866667,51.913580,43.962898,42.951675,47.563029,47.211020,65.751253,16.000000,39.666667,12.000000,27.333333,16.666667
dual1000,5,76.708961,75.126914,45.206566,53.443038,23.589372,51.365854,42.788889,54.845679,45.162089,41.516587,48.460184,45.244135,64.450572,13.666667,39.000000,18.666667,24.000000,13.333333
dual1000,6,76.700667,75.137503,46.222234,51.928270,23.067633,53.796748,42.411111,59.907407,41.712421,42.344306,46.674595,43.500828,64.672790,11.333333,37.666667,16.333333,28.333333,14.166667
dual1000,7,76.766123,75.172257,45.328604,54.126582,24.299517,52.162602,40.066667,55.987654,40.998992,42.431485,46.110180,45.424501,65.516073,11.000000,40.333333,12.333333,25.333333,24.166667
dual1000,8,76.587831,75.011698,46.973615,52.455696,24.024155,52.186992,43.577778,62.623457,42.882478,42.019217,47.759637,43.938864,63.865560,12.333333,36.666667,11.666667,28.333333,12.500000
dual1000,9,76.606860,74.972636,46.293967,53.932489,23.913043,52.065041,45.077778,56.481481,40.652245,41.966350,47.464702,45.214501,63.630839,14.000000,35.666667,11.333333,27.666667,14.166667
dual1000_rb,0,76.823506,75.324864,47.518949,56.210970,26.946860,56.609756,42.333333,55.493827,40.966773,46.462110,53.307045,48.609297,65.773510,19.666667,30.666667,11.666667,15.000000,20.833333
dual1000_rb,1,76.772687,75.248068,48.102190,54.767932,28.439614,57.357724,43.155556,56.790123,43.285539,45.865549,49.823639,48.692612,68.136859,17.333333,28.666667,14.333333,15.666667,25.833333
dual1000_rb,2,76.818991,75.303780,47.222693,54.417722,25.951691,55.065041,44.722222,55.956790,43.698371,44.585351,51.429091,48.265057,66.418465,17.333333,30.333333,15.333333,22.000000,15.833333
dual1000_rb,3,76.807639,75.267103,46.827280,53.316456,27.792271,55.325203,41.344444,56.358025,48.504418,43.600087,50.834202,50.685060,65.544766,16.666667,31.000000,12.333333,24.333333,17.500000
dual1000_rb,4,76.803952,75.271394,46.282357,53.489451,27.207729,53.983740,44.200000,52.530864,43.962898,45.315058,52.061049,47.798369,66.694776,18.333333,31.666667,12.000000,19.000000,19.166667
dual1000_rb,5,76.834005,75.241973,46.364380,54.493671,26.483092,53.577236,42.700000,54.567901,45.162089,44.902223,53.701156,46.340454,65.141515,16.000000,30.333333,17.333333,17.000000,20.000000
dual1000_rb,6,76.917642,75.391209,47.832395,52.329114,27.937198,56.617886,42.833333,59.444444,41.712421,45.337362,53.647352,48.380357,67.357714,16.000000,27.000000,14.666667,19.000000,19.166667
dual1000_rb,7,76.849801,75.257519,46.968835,54.160338,27.613527,55.471545,41.611111,55.987654,40.998992,44.123032,51.502703,48.805147,63.962095,17.333333,31.666667,10.666667,16.666667,27.500000
dual1000_rb,8,76.759682,75.214415,48.039106,53.126582,28.086957,54.325203,42.866667,61.790123,42.882478,44.614128,53.951853,45.756502,66.211372,17.000000,27.666667,19.666667,19.333333,19.166667
dual1000_rb,9,76.968762,75.373092,47.576540,54.447257,27.666667,55.495935,44.655556,55.617284,40.652245,44.606210,52.314686,46.797242,66.868941,18.333333,25.666667,17.000000,19.666667,19.166667
dual1000_rb_adwin,0,76.847776,75.488159,46.963870,54.084388,28.623188,56.146341,42.477778,53.487654,44.388462,42.846421,53.599744,49.739693,67.107290,17.666667,26.666667,14.666667,16.000000,21.666667
dual1000_rb_adwin,1,76.881387,75.505219,47.580918,52.729958,28.927536,56.918699,43.988889,55.339506,43.782391,45.274904,52.962108,49.668780,66.161475,18.000000,32.333333,18.000000,15.333333,24.166667
dual1000_rb_adwin,2,76.870577,75.598697,46.556470,52.388186,28.091787,54.040650,46.255556,52.006173,45.074380,44.346137,52.462996,49.918811,67.012673,22.666667,30.666667,20.000000,21.000000,25.000000
dual1000_rb_adwin,3,76.945596,75.564282,45.493602,51.430380,27.797101,53.317073,43.411111,51.512346,46.025162,43.774046,50.822636,47.600143,49.159096,20.666667,31.333333,21.000000,21.333333,30.000000
dual1000_rb_adwin,4,76.810374,75.453187,44.910993,51.139241,29.246377,52.016260,43.788889,48.364198,43.318672,44.622790,52.756368,49.461716,65.885425,21.000000,26.666667,22.666667,18.666667,33.333333
dual1000_rb_adwin,5,76.763631,75.421674,46.139756,52.789030,28.198068,53.186992,43.222222,53.302469,45.025931,43.250759,54.021789,46.916021,65.197966,19.333333,26.666667,20.333333,16.666667,24.166667
dual1000_rb_adwin,6,76.931606,75.600517,46.382448,49.143460,29.280193,53.691057,41.988889,57.808642,43.549559,43.134967,53.572113,48.322455,66.368095,23.333333,27.666667,20.666667,23.666667,21.666667
dual1000_rb_adwin,7,77.014822,75.651565,45.982021,50.772152,31.115942,52.317073,42.433333,53.271605,46.308726,43.284813,52.155919,49.224526,66.606271,22.333333,25.333333,15.333333,18.000000,32.500000
dual1000_rb_adwin,8,76.740598,75.374805,47.584499,52.004219,30.009662,54.902439,43.166667,57.839506,43.489794,43.256609,52.551497,48.098393,68.583479,17.333333,25.000000,21.333333,19.666667,25.000000
dual1000_rb_adwin,9,76.991088,75.582473,46.872787,52.776371,28.922705,53.813008,45.055556,53.796296,44.769634,42.692687,52.067697,48.619208,67.842894,20.666667,20.666667,22.333333,17.333333,25.833333
dual400,0,76.199107,74.326806,44.201317,53.375527,21.937198,51.764228,40.133333,53.796296,46.878493,48.439248,49.610937,55.179433,67.785305,13.333333,39.000000,11.333333,22.000000,11.666667
dual400,1,75.972122,73.981942,44.322732,51.637131,21.695652,51.715447,41.966667,54.598765,45.892028,48.257081,50.827977,53.430703,67.948431,16.333333,41.000000,12.666667,23.000000,20.833333
dual400,2,75.980844,74.094136,44.589985,51.641350,21.719807,50.609756,43.577778,55.401235,46.573951,47.318204,51.348115,54.963672,50.400315,12.000000,36.000000,12.000000,29.000000,15.833333
dual400,3,76.246012,74.317425,43.013394,50.599156,21.256039,49.479675,39.688889,54.043210,45.629180,48.686225,51.401779,57.118142,67.488948,18.666667,39.333333,8.000000,29.000000,17.500000
dual400,4,76.075455,74.195764,42.224455,50.523207,21.101449,49.292683,40.544444,49.660494,46.300442,47.010513,51.213845,56.287599,53.567958,18.666667,42.000000,10.000000,27.000000,21.666667
dual400,5,76.027043,74.111021,42.952438,51.029536,21.637681,48.373984,41.622222,52.098765,45.370426,48.902049,50.826607,56.750128,68.593792,14.333333,37.000000,18.666667,20.666667,17.500000
dual400,6,76.148399,74.258855,44.368385,49.970464,21.801932,51.268293,40.344444,58.456790,44.425322,47.283353,51.323155,52.776636,50.934434,12.666667,35.666667,10.666667,27.333333,18.333333
dual400,7,76.248803,74.316038,43.265289,51.561181,22.415459,50.032520,38.922222,53.395062,46.896009,49.102452,51.977289,57.297463,51.522975,12.000000,41.333333,10.000000,23.333333,25.000000
dual400,8,76.105648,74.197645,44.998933,50.662447,22.333333,50.390244,41.855556,59.753086,45.811944,48.688669,50.151931,55.098011,50.759041,10.333333,37.333333,12.666667,24.666667,18.333333
dual400,9,76.054008,74.104422,44.274527,51.818565,22.541063,50.146341,42.977778,53.888889,45.601903,48.002145,50.517005,55.025868,49.836243,14.000000,37.666667,11.333333,27.666667,15.000000
sw100,0,73.790690,71.601601,33.733469,40.814346,18.579710,39.796748,28.766667,40.709877,45.175246,53.068254,48.733556,59.158356,49.598656,52.000000,29.333333,48.000000,39.000000,50.000000
sw100,1,73.652836,71.411250,34.134995,40.333333,18.710145,40.048780,29.144444,42.438272,48.939755,52.817399,47.406630,56.494305,50.341749,54.000000,31.666667,51.000000,39.666667,46.666667
sw100,2,73.717538,71.459894,34.415162,40.008439,19.038647,39.739837,31.344444,41.944444,46.747957,53.306346,49.822524,60.201108,52.038860,52.000000,29.666667,48.000000,45.000000,47.500000
sw100,3,73.890192,71.633713,33.597531,39.485232,19.304348,38.756098,29.855556,40.586420,47.591671,53.909612,48.079873,59.121377,49.821008,49.000000,33.000000,44.666667,43.000000,43.333333
sw100,4,73.498406,71.274143,32.993530,39.649789,19.067633,38.731707,28.722222,38.796296,47.568193,52.001234,49.372049,56.581758,49.366937,53.333333,29.666667,46.000000,38.666667,44.166667
sw100,5,73.731842,71.468613,33.196293,39.383966,18.777778,38.235772,28.966667,40.617284,46.299162,52.991001,47.759863,58.941865,49.424427,51.000000,34.333333,53.333333,41.666667,50.000000
sw100,6,73.598418,71.338246,33.849494,39.118143,18.855072,39.918699,29.133333,42.222222,49.198937,52.690356,49.066803,59.130214,50.726259,50.666667,30.666667,46.666667,41.000000,48.333333
sw100,7,73.563659,71.329647,33.388319,39.459916,19.661836,38.959350,28.088889,40.771605,48.429419,52.343243,49.426711,59.005106,49.335944,50.333333,33.666667,47.333333,41.333333,45.833333
sw100,8,73.781081,71.553262,34.569143,39.814346,19.241546,39.691057,30.055556,44.043210,47.346688,53.883372,50.988699,57.369332,51.706134,51.000000,33.333333,48.666667,42.333333,55.833333
sw100,9,73.788385,71.599832,34.201581,39.924051,19.574879,39.073171,31.077778,41.358025,45.849938,52.184083,50.418323,59.626316,49.226436,52.333333,29.666667,49.000000,46.333333,41.666667
sw1000,0,77.087226,75.615665,39.693877,46.970464,22.502415,47.016260,34.511111,47.469136,44.247910,45.350656,50.359116,48.468614,65.330480,32.333333,54.333333,32.666667,40.333333,30.000000
sw1000,1,76.945950,75.524780,40.429844,45.835443,23.183575,48.186992,34.788889,50.154321,45.814412,45.331744,48.859711,44.982986,66.220024,32.000000,56.000000,35.000000,40.000000,29.166667
sw1000,2,76.996457,75.625944,40.385063,45.628692,22.275362,46.544715,37.600000,49.876543,46.037051,43.042457,50.020970,46.917386,66.449314,32.000000,53.666667,34.000000,44.666667,28.333333
sw1000,3,76.906591,75.490468,39.341945,44.708861,23.386473,45.634146,34.955556,48.024691,44.153124,44.921891,50.065945,45.465391,49.442363,29.333333,56.333333,31.000000,43.000000,32.500000
sw1000,4,76.861572,75.416768,38.538350,44.400844,22.855072,45.097561,35.400000,44.938272,43.629466,44.686377,49.227621,46.414159,49.824248,34.333333,54.000000,31.333333,43.333333,35.000000
sw1000,5,76.889196,75.462676,39.488751,45.721519,22.739130,45.934959,34.900000,48.148148,46.616106,44.885512,50.804498,44.651620,67.210869,29.000000,53.000000,32.666667,45.000000,30.833333
sw1000,6,77.090902,75.683937,39.867616,44.417722,22.256039,47.390244,34.255556,51.018519,44.035842,44.201133,50.440635,44.901079,66.521580,28.666667,54.333333,35.666667,45.666667,35.833333
sw1000,7,77.083399,75.668191,39.341922,45.426160,23.792271,45.747967,32.977778,48.765432,46.123426,43.469600,50.608474,45.468285,51.142122,31.000000,54.000000,28.000000,42.333333,38.333333
sw1000,8,76.997333,75.603813,40.260023,44.974684,23.328502,46.048780,34.911111,52.037037,46.024103,43.905045,51.185267,43.731955,64.974217,29.333333,53.333333,33.666667,44.000000,32.500000
sw1000,9,77.008786,75.617775,40.254216,46.054852,23.333333,46.252033,36.155556,49.475309,46.593628,43.786330,49.533923,45.666880,66.480013,30.000000,51.333333,31.666667,45.666667,25.000000
sw1500,0,76.439319,75.416811,40.955846,47.907173,23.410628,48.357724,36.677778,48.425926,44.922363,42.648087,47.721082,43.503863,68.420103,33.666667,51.333333,32.666667,31.666667,30.000000
sw1500,1,76.335551,75.314479,41.822607,46.607595,24.318841,49.585366,36.811111,51.790123,45.321810,44.126985,49.042090,41.627149,67.370873,28.666667,48.333333,35.000000,31.666667,24.166667
sw1500,2,76.423338,75.440408,41.668116,46.864979,23.062802,47.796748,39.844444,50.771605,44.729318,42.132820,48.506595,44.043657,68.957221,25.333333,49.666667,32.000000,37.666667,22.500000
sw1500,3,76.364876,75.351954,40.538603,45.552743,24.227053,46.829268,37.133333,48.950617,43.996874,43.753604,49.205521,42.236905,67.817207,26.333333,54.333333,31.333333,37.333333,31.666667
sw1500,4,76.439640,75.418346,39.759986,45.443038,23.570048,45.699187,37.822222,46.265432,43.452436,44.028839,49.482918,42.581155,68.959088,27.666667,51.333333,32.666667,34.666667,30.833333
sw1500,5,76.361143,75.374638,40.694609,46.556962,23.700483,46.869919,37.333333,49.012346,46.295872,43.473117,49.995671,44.381215,69.016861,28.666667,47.333333,30.666667,36.000000,30.000000
sw1500,6,76.555042,75.564481,41.148284,45.029536,23.251208,48.918699,36.566667,51.975309,43.728993,43.688643,49.654546,43.728330,68.436080,25.666667,49.000000,35.666667,34.333333,25.833333
sw1500,7,76.543513,75.551034,40.688721,46.362869,24.681159,47.300813,35.500000,49.598765,46.129196,42.616635,49.235970,43.446253,70.011772,30.000000,51.333333,31.666667,34.000000,35.000000
sw1500,8,76.422296,75.481537,41.568002,45.810127,24.048309,47.292683,37.077778,53.611111,46.225834,42.270852,51.327690,41.898473,67.743393,25.666667,49.000000,33.333333,38.000000,33.333333
sw1500,9,76.463097,75.441749,41.460338,47.270042,24.067633,47.747967,38.555556,49.660494,45.735256,41.955396,48.690464,42.659623,67.846582,27.333333,46.000000,30.000000,39.333333,23.333333
sw200,0,75.689074,73.568651,35.045164,42.232068,19.850242,41.308943,29.766667,42.067901,47.571274,53.170866,49.999415,57.201214,65.799406,53.333333,33.666667,47.666667,41.000000,46.666667
sw200,1,75.700551,73.579772,35.440824,41.843882,19.449275,42.178862,29.688889,44.043210,46.960977,52.478992,50.106894,56.517726,66.286233,53.333333,36.333333,48.000000,43.333333,50.000000
sw200,2,75.590387,73.431971,35.724253,41.594937,19.458937,41.341463,32.522222,43.703704,47.662228,52.477075,52.345090,56.543066,64.929549,51.333333,32.000000,46.000000,49.333333,55.000000
sw200,3,75.676985,73.552942,34.583155,40.506329,19.652174,40.560976,30.344444,41.851852,46.743994,51.468459,51.019052,54.583553,63.753523,51.000000,35.000000,48.000000,43.333333,48.333333
sw200,4,75.680901,73.611781,34.075772,40.894515,19.289855,40.146341,30.233333,39.814815,48.009297,50.609866,50.434206,55.932267,64.769779,54.000000,34.666667,48.000000,43.333333,43.333333
sw200,5,75.761789,73.603014,34.555004,41.244726,19.111111,39.813008,30.322222,42.283951,48.796384,51.886221,51.852950,56.073741,65.672271,54.000000,38.666667,48.000000,44.333333,51.666667
sw200,6,75.628444,73.478846,35.186516,39.978903,19.362319,41.666667,29.677778,45.246914,46.135834,49.743724,52.186077,54.472196,65.783132,50.666667,33.000000,46.000000,45.000000,55.000000
sw200,7,75.669765,73.488940,34.792673,41.337553,19.913043,40.699187,28.711111,43.302469,47.269047,50.279846,50.543451,56.493039,66.373139,52.333333,35.000000,46.333333,43.333333,55.000000
sw200,8,75.824683,73.662280,35.876309,41.004219,20.111111,41.536585,30.433333,46.296296,47.672142,52.956823,53.932432,56.535943,65.745593,50.000000,37.333333,52.333333,43.000000,55.000000
sw200,9,75.573147,73.399132,35.526460,41.746835,20.270531,41.056911,31.811111,42.746914,47.149446,51.101119,50.668423,56.514267,66.206789,52.000000,34.666667,52.000000,45.000000,48.333333
sw2000,0,75.536965,74.916501,42.053046,48.894515,24.072464,50.008130,38.000000,49.290123,45.583923,40.974354,46.304050,42.102236,68.451374,32.000000,51.333333,33.333333,31.333333,30.833333
sw2000,1,75.530955,74.888061,42.813203,47.316456,25.154589,50.373984,38.288889,52.932099,43.940745,41.015784,47.060192,41.708273,68.195935,29.666667,54.000000,33.666667,35.666667,27.500000
sw2000,2,75.509037,74.884786,42.622535,47.755274,23.613527,48.813008,41.788889,51.141975,44.274566,41.153145,47.560951,42.812397,68.689291,24.666667,53.333333,30.666667,39.333333,29.166667
sw2000,3,75.513650,74.860427,41.566306,46.455696,24.748792,47.943089,38.622222,50.061728,48.401372,39.782951,48.184179,40.771174,68.635113,27.000000,57.333333,31.333333,38.000000,28.333333
sw2000,4,75.594085,74.930056,40.737788,46.025316,24.265700,46.601626,39.388889,47.407407,42.738864,41.086120,47.346423,42.047967,68.741383,28.000000,54.000000,32.000000,37.000000,25.000000
sw2000,5,75.480299,74.889155,41.848006,47.405063,24.468599,47.691057,38.811111,50.864198,43.382464,40.629555,47.545509,43.577233,68.394147,28.000000,51.000000,32.333333,38.000000,28.333333
sw2000,6,75.517555,74.923266,42.297653,45.894515,23.782609,50.097561,38.411111,53.302469,45.956519,40.066221,47.382360,42.954456,68.623633,27.666667,50.333333,35.666667,37.000000,25.000000
sw2000,7,75.566838,74.918432,41.756369,47.248945,25.473430,48.682927,36.944444,50.432099,40.841087,40.518739,48.020724,41.401027,67.708186,30.666667,54.333333,32.333333,35.000000,30.833333
sw2000,8,75.408177,74.797011,42.766685,46.624473,24.792271,48.048780,38.966667,55.401235,43.935506,39.186961,47.701680,39.216890,67.416222,27.000000,49.333333,35.333333,37.333333,31.666667
sw2000,9,75.462722,74.833883,42.603989,48.388186,24.685990,48.626016,40.455556,50.864198,42.971053,39.733664,46.710931,41.354248,66.866993,29.000000,44.666667,31.000000,40.333333,22.500000
sw300,0,76.530127,74.537172,35.883635,42.776371,20.603865,42.260163,30.444444,43.333333,45.747127,52.369916,50.206078,55.758857,67.491814,54.666667,41.666667,49.333333,43.000000,50.833333
sw300,1,76.359675,74.282757,36.295675,42.434599,20.608696,42.658537,30.900000,44.876543,47.958690,53.299559,50.940910,55.664289,66.424522,54.000000,40.666667,49.666667,45.666667,53.333333
sw300,2,76.445178,74.427307,36.450839,41.776371,20.260870,41.926829,33.722222,44.567901,46.317595,50.670483,51.871698,54.383090,66.141109,52.333333,35.333333,48.333333,49.666667,53.333333
sw300,3,76.451556,74.405253,35.437243,40.983122,20.574879,41.081301,31.522222,43.024691,46.617286,51.930314,49.965208,54.921008,68.475275,51.666667,38.666667,47.000000,48.000000,52.500000
sw300,4,76.339957,74.327894,34.918470,41.388186,20.391304,40.991870,31.388889,40.432099,46.494648,50.146390,51.702407,54.194103,66.503275,54.333333,40.666667,48.333333,47.000000,54.166667
sw300,5,76.277528,74.231153,35.497458,41.873418,20.062802,40.796748,30.988889,43.765432,47.300352,51.858998,50.016569,54.870556,66.064434,53.000000,38.333333,48.666667,44.333333,48.333333
sw300,6,76.402647,74.353529,35.849583,40.624473,19.884058,42.276423,30.444444,46.018519,45.948476,51.184066,51.739709,53.967004,65.357298,51.333333,33.333333,47.666667,48.000000,55.833333
sw300,7,76.363786,74.345514,35.627547,41.594937,21.236715,41.707317,29.555556,44.043210,47.597400,50.392013,50.902576,55.091474,50.549308,51.666667,40.333333,47.000000,45.333333,55.000000
sw300,8,76.409139,74.362665,36.709369,41.835443,21.028986,42.024390,31.466667,47.191358,46.012611,51.911364,53.045252,55.704732,51.806957,51.000000,41.000000,50.666667,44.000000,59.166667
sw300,9,76.447755,74.418257,36.487222,42.472574,21.000000,42.186992,32.455556,44.320988,46.953389,50.926264,50.501117,55.510225,66.206708,53.333333,36.666667,51.666667,48.000000,47.500000
sw400,0,76.830438,74.957192,36.508458,43.974684,21.057971,43.219512,30.833333,43.456790,45.569874,49.138010,50.561356,54.466610,50.829637,54.666667,42.000000,51.666667,44.333333,52.500000
sw400,1,76.673554,74.746520,37.046022,43.244726,21.028986,44.065041,31.366667,45.524691,45.970759,50.462892,52.809272,52.079803,50.829384,56.000000,39.666667,53.666667,46.333333,53.333333
sw400,2,76.700304,74.764873,37.225779,43.016878,20.545894,43.243902,33.766667,45.555556,46.840194,48.803802,51.898418,52.797980,50.933929,52.333333,36.666667,48.000000,53.666667,55.833333
sw400,3,76.724321,74.836327,36.170868,41.797468,21.173913,42.113821,31.911111,43.858025,45.454695,50.764236,51.414857,53.228245,49.747003,52.000000,42.333333,49.000000,49.000000,51.666667
sw400,4,76.694995,74.814302,35.548367,42.333333,21.082126,41.796748,31.511111,41.018519,44.314004,49.362274,51.936142,53.582658,51.348941,54.000000,41.333333,48.666667,47.666667,52.500000
sw400,5,76.734411,74.863889,36.084846,42.725738,20.743961,42.016260,31.111111,43.827160,48.008443,50.432744,52.595904,53.023883,67.416677,54.000000,39.666667,49.000000,45.333333,50.000000
sw400,6,76.838202,74.915047,36.634937,41.396624,20.304348,43.829268,30.700000,46.944444,46.276170,49.879930,53.481487,53.405124,50.735029,52.000000,33.000000,51.333333,49.333333,60.833333
sw400,7,76.750466,74.824382,36.093136,42.244726,21.642512,42.479675,29.777778,44.320988,46.121506,48.353338,51.201569,56.273725,50.734349,52.666667,43.000000,50.333333,45.000000,59.166667
sw400,8,76.795386,74.902167,37.255907,42.392405,21.584541,43.056911,31.622222,47.623457,45.871431,50.308885,52.607235,53.860608,50.891516,52.333333,38.333333,51.666667,49.333333,60.000000
sw400,9,76.744098,74.851371,36.842814,42.978903,21.376812,42.739837,32.488889,44.629630,47.129362,51.060503,51.372488,53.892810,50.199653,52.666667,39.000000,52.666667,52.666667,50.000000
sw600,0,77.201559,75.482836,37.452825,45.004219,21.739130,44.317073,31.944444,44.259259,44.582644,45.700731,48.565822,52.572447,67.269664,56.666667,41.000000,54.000000,46.000000,54.166667
sw600,1,77.109332,75.356435,38.148296,44.189873,22.086957,45.463415,32.211111,46.790123,45.308364,46.617999,51.005531,52.615839,65.995460,57.000000,44.333333,55.333333,48.333333,55.000000
sw600,2,77.102736,75.416886,38.055370,43.970464,21.178744,44.227642,34.788889,46.111111,46.357143,44.769029,49.084620,51.302304,66.544159,55.666667,44.666667,52.666667,53.666667,54.166667
sw600,3,77.181715,75.461383,37.098928,43.097046,22.000000,43.195122,32.511111,44.691358,45.325211,46.266908,48.804600,53.285062,50.048967,53.666667,47.333333,51.333333,50.000000,55.833333
sw600,4,77.015023,75.319844,36.441766,43.198312,21.869565,42.349593,33.155556,41.635802,44.972013,46.367587,49.982144,50.913180,67.765345,54.000000,42.000000,51.000000,48.666667,50.833333
sw600,5,77.109493,75.380727,37.248038,43.957806,21.743961,43.154472,32.322222,45.061728,47.458358,45.717297,50.097594,51.302270,66.225335,55.333333,38.333333,52.666667,48.000000,55.000000
sw600,6,77.142620,75.440701,37.585267,42.814346,21.357488,44.252033,32.033333,47.469136,44.501837,45.737411,50.027974,51.782026,67.706543,53.000000,41.333333,56.666667,51.000000,62.500000
sw600,7,77.266486,75.551171,37.050398,43.670886,22.516908,43.333333,30.700000,45.030864,46.978371,44.993924,48.774119,51.305964,66.511470,53.000000,45.000000,51.000000,47.666667,60.833333
sw600,8,77.154796,75.417065,38.116681,43.367089,22.531401,43.788618,32.655556,48.240741,46.704991,46.386198,51.282210,50.229662,50.408817,52.000000,41.666667,58.666667,49.666667,61.666667
sw600,9,77.113096,75.391293,37.925812,44.244726,22.497585,43.739837,33.622222,45.524691,45.275436,45.487459,50.100406,51.844604,66.522965,54.000000,41.666667,53.666667,52.333333,55.833333
